{"train_acc": [0.5059173703193665, 0.5045289397239685], "valid_acc": [0.5523809523809524, 0.44761904761904764]}