{"train_acc": [0.5244297385215759, 0.5074380040168762, 0.5067768692970276, 0.5096198320388794, 0.5087603330612183, 0.5067107677459717, 0.5058512687683105, 0.5078347325325012], "valid_acc": [0.44761904761904764, 0.5523809523809524, 0.44761904761904764, 0.5523809523809524, 0.44761904761904764, 0.44761904761904764, 0.44761904761904764, 0.44761904761904764]}