{"train_acc": [0.9397024512290955, 0.9559008479118347, 0.9589090943336487, 0.9593388438224792, 0.9602314233779907, 0.960330605506897, 0.960330605506897, 0.9595702290534973, 0.9616528749465942, 0.961024820804596], "valid_acc": [0.7025396825396826, 0.830952380952381, 0.8701587301587301, 0.5776190476190476, 0.9388888888888889, 0.9177777777777778, 0.6342857142857142, 0.783968253968254, 0.9517460317460318, 0.9111111111111111]}